{"CameraTarget":[{"rotation_euler":[[[[5.183333333333334,0.0,5.166666666666667,0.0,5.2,0.0,2]],0],[[[5.183333333333334,0.0,5.166666666666667,0.0,5.2,0.0,2]],0],[[[5.183333333333334,0.0,5.166666666666667,0.0,5.2,0.0,2]],0]],"location":[[[[5.183333333333334,-1.092466950416565,5.166666666666667,-1.092466950416565,5.2,-1.092466950416565,2]],0],[[[5.183333333333334,-2.970217227935791,5.166666666666667,-2.970217227935791,5.2,-2.970217227935791,2]],0],[[[5.183333333333334,1.484621286392212,5.166666666666667,1.484621286392212,5.2,1.484621286392212,2]],0]],"scale":[[[[5.183333333333334,1.0,5.166666666666667,1.0,5.2,1.0,2]],0],[[[5.183333333333334,1.0,5.166666666666667,1.0,5.2,1.0,2]],0],[[[5.183333333333334,1.0,5.166666666666667,1.0,5.2,1.0,2]],0]]}],"Camera":[{"rotation_euler":[[[[5.183333333333334,1.5987498760223389,5.166666666666667,1.5987498760223389,5.2,1.5987498760223389,2]],0],[[[5.183333333333334,0.013984373770654202,5.166666666666667,0.013984373770654202,5.2,0.013984373770654202,2]],0],[[[5.183333333333334,1.042007327079773,5.166666666666667,1.042007327079773,5.2,1.042007327079773,2]],0]],"location":[[[[5.183333333333334,-5.221440315246582,5.166666666666667,-5.221440315246582,5.2,-5.221440315246582,2]],0],[[[5.183333333333334,-11.61766529083252,5.166666666666667,-11.61766529083252,5.2,-11.61766529083252,2]],0],[[[5.183333333333334,3.075654983520508,5.166666666666667,3.075654983520508,5.2,3.075654983520508,2]],0]],"scale":[[[[5.183333333333334,0.9999999403953552,5.166666666666667,0.9999999403953552,5.2,0.9999999403953552,2]],0],[[[5.183333333333334,1.0,5.166666666666667,1.0,5.2,1.0,2]],0],[[[5.183333333333334,1.0,5.166666666666667,1.0,5.2,1.0,2]],0]]}]}