{"CameraTarget":[{"rotation_euler":[[[[5.183333333333334,0.0,5.166666666666667,0.0,5.2,0.0,2]],0],[[[5.183333333333334,0.0,5.166666666666667,0.0,5.2,0.0,2]],0],[[[5.183333333333334,0.0,5.166666666666667,0.0,5.2,0.0,2]],0]],"location":[[[[5.183333333333334,0.0,5.166666666666667,0.0,5.2,0.0,2]],0],[[[5.183333333333334,0.0,5.166666666666667,0.0,5.2,0.0,2]],0],[[[5.183333333333334,0.0,5.166666666666667,0.0,5.2,0.0,2]],0]],"scale":[[[[5.183333333333334,1.0,5.166666666666667,1.0,5.2,1.0,2]],0],[[[5.183333333333334,1.0,5.166666666666667,1.0,5.2,1.0,2]],0],[[[5.183333333333334,1.0,5.166666666666667,1.0,5.2,1.0,2]],0]]}],"Camera":[{"rotation_euler":[[[[5.183333333333334,1.5987498760223389,5.166666666666667,1.5987498760223389,5.2,1.5987498760223389,2]],0],[[[5.183333333333334,0.013984373770654202,5.166666666666667,0.013984373770654202,5.2,0.013984373770654202,2]],0],[[[5.183333333333334,1.042007327079773,5.166666666666667,1.042007327079773,5.2,1.042007327079773,2]],0]],"location":[[[[5.183333333333334,-0.21861052513122559,5.166666666666667,-0.21861052513122559,5.2,-0.21861052513122559,2]],0],[[[5.183333333333334,-6.88237190246582,5.166666666666667,-6.88237190246582,5.2,-6.88237190246582,2]],0],[[[5.183333333333334,4.768017768859863,5.166666666666667,4.768017768859863,5.2,4.768017768859863,2]],0]],"scale":[[[[5.183333333333334,0.9999999403953552,5.166666666666667,0.9999999403953552,5.2,0.9999999403953552,2]],0],[[[5.183333333333334,1.0,5.166666666666667,1.0,5.2,1.0,2]],0],[[[5.183333333333334,1.0,5.166666666666667,1.0,5.2,1.0,2]],0]]}]}