{"Camera":[{"location":[[[[5.183333333333334,5.368068695068359,5.166666666666667,5.368068695068359,5.2,5.368068695068359,2]],0],[[[5.183333333333334,-16.036060333251953,5.166666666666667,-16.036060333251953,5.2,-16.036060333251953,2]],0],[[[5.183333333333334,4.428653717041016,5.166666666666667,4.428653717041016,5.2,4.428653717041016,2]],0]],"scale":[[[[5.183333333333334,0.9999999403953552,5.166666666666667,0.9999999403953552,5.2,0.9999999403953552,2]],0],[[[5.183333333333334,1.0,5.166666666666667,1.0,5.2,1.0,2]],0],[[[5.183333333333334,1.0,5.166666666666667,1.0,5.2,1.0,2]],0]],"rotation_euler":[[[[5.183333333333334,1.5987498760223389,5.166666666666667,1.5987498760223389,5.2,1.5987498760223389,2]],0],[[[5.183333333333334,0.013984373770654202,5.166666666666667,0.013984373770654202,5.2,0.013984373770654202,2]],0],[[[5.183333333333334,1.042007327079773,5.166666666666667,1.042007327079773,5.2,1.042007327079773,2]],0]]}],"CameraTarget":[{"location":[[[[5.183333333333334,0.0,5.166666666666667,0.0,5.2,0.0,2]],0],[[[5.183333333333334,0.0,5.166666666666667,0.0,5.2,0.0,2]],0],[[[5.183333333333334,0.0,5.166666666666667,0.0,5.2,0.0,2]],0]],"scale":[[[[5.183333333333334,1.0,5.166666666666667,1.0,5.2,1.0,2]],0],[[[5.183333333333334,1.0,5.166666666666667,1.0,5.2,1.0,2]],0],[[[5.183333333333334,1.0,5.166666666666667,1.0,5.2,1.0,2]],0]],"rotation_euler":[[[[5.183333333333334,0.0,5.166666666666667,0.0,5.2,0.0,2]],0],[[[5.183333333333334,0.0,5.166666666666667,0.0,5.2,0.0,2]],0],[[[5.183333333333334,0.0,5.166666666666667,0.0,5.2,0.0,2]],0]]}],"Cell":[{"location":[[[[0.0,0.0,-10.248302205403645,0.0,10.248302205403645,0.0,2],[26.25,-6.913296699523926,16.001697794596353,-4.712472438812256,39.088033040364586,-9.670266151428223,2],[59.13333333333333,-12.376422882080078,46.29530029296875,-12.376422882080078,70.25355631510416,-12.376422882080078,2],[87.61666666666666,15.806472778320312,76.49644368489584,15.806472778320312,100.47421875,15.806472778320312,2],[120.55,11.723210334777832,107.69244791666667,11.723210334777832,133.40755208333334,11.723210334777832,2]],0],[[[0.0,0.0,-10.248302205403645,0.0,10.248302205403645,0.0,2],[26.25,8.019058227539062,16.001697794596353,8.019058227539062,39.088033040364586,8.019058227539062,2],[59.13333333333333,-9.947000503540039,46.29530029296875,-8.766838073730469,70.25355631510416,-10.969249725341797,2],[87.61666666666666,-10.969249725341797,76.49644368489584,-10.969249725341797,100.47421875,-10.969249725341797,2],[120.55,21.26040267944336,107.69244791666667,21.26040267944336,133.40755208333334,21.26040267944336,2]],0],[[[0.0,0.0,-10.248302205403645,0.0,10.248302205403645,0.0,2],[26.25,1.9581637382507324,16.001697794596353,1.9581637382507324,39.088033040364586,1.9581637382507324,2],[59.13333333333333,-3.1380906105041504,46.29530029296875,-3.1380906105041504,70.25355631510416,-3.1380906105041504,2],[87.61666666666666,-2.4636354446411133,76.49644368489584,-2.9042534828186035,100.47421875,-1.954178810119629,2],[120.55,-0.6336178779602051,107.69244791666667,-0.6336178779602051,133.40755208333334,-0.6336178779602051,2]],0]],"rotation_euler":[[[[0.0,0.0,-10.248302205403645,0.0,10.248302205403645,0.0,2],[26.25,0.0,16.001697794596353,0.0,39.088033040364586,0.0,2],[59.13333333333333,0.0,46.29530029296875,0.0,70.25355631510416,0.0,2],[87.61666666666666,0.0,76.49644368489584,0.0,100.47421875,0.0,2],[120.55,0.0,107.69244791666667,0.0,133.40755208333334,0.0,2]],0],[[[0.0,0.0,-10.248302205403645,0.0,10.248302205403645,0.0,2],[26.25,0.0,16.001697794596353,0.0,39.088033040364586,0.0,2],[59.13333333333333,0.0,46.29530029296875,0.0,70.25355631510416,0.0,2],[87.61666666666666,0.0,76.49644368489584,0.0,100.47421875,0.0,2],[120.55,0.0,107.69244791666667,0.0,133.40755208333334,0.0,2]],0],[[[0.0,0.0,-10.248302205403645,0.0,10.248302205403645,0.0,2],[26.25,0.0,16.001697794596353,0.0,39.088033040364586,0.0,2],[59.13333333333333,0.0,46.29530029296875,0.0,70.25355631510416,0.0,2],[87.61666666666666,0.0,76.49644368489584,0.0,100.47421875,0.0,2],[120.55,0.0,107.69244791666667,0.0,133.40755208333334,0.0,2]],0]],"scale":[[[[0.0,1.0,-10.248302205403645,1.0,10.248302205403645,1.0,2],[26.25,1.0,16.001697794596353,1.0,39.088033040364586,1.0,2],[59.13333333333333,1.0,46.29530029296875,1.0,70.25355631510416,1.0,2],[87.61666666666666,1.0,76.49644368489584,1.0,100.47421875,1.0,2],[120.55,1.0,107.69244791666667,1.0,133.40755208333334,1.0,2]],0],[[[0.0,1.0,-10.248302205403645,1.0,10.248302205403645,1.0,2],[26.25,1.0,16.001697794596353,1.0,39.088033040364586,1.0,2],[59.13333333333333,1.0,46.29530029296875,1.0,70.25355631510416,1.0,2],[87.61666666666666,1.0,76.49644368489584,1.0,100.47421875,1.0,2],[120.55,1.0,107.69244791666667,1.0,133.40755208333334,1.0,2]],0],[[[0.0,1.0,-10.248302205403645,1.0,10.248302205403645,1.0,2],[26.25,1.0,16.001697794596353,1.0,39.088033040364586,1.0,2],[59.13333333333333,1.0,46.29530029296875,1.0,70.25355631510416,1.0,2],[87.61666666666666,1.0,76.49644368489584,1.0,100.47421875,1.0,2],[120.55,1.0,107.69244791666667,1.0,133.40755208333334,1.0,2]],0]]}]}