{"Camera":[{"scale":[[[[0.8833333333333333,0.9999999403953552,0.8666666666666667,0.9999999403953552,0.9,0.9999999403953552,2]],0],[[[0.8833333333333333,1.0,0.8666666666666667,1.0,0.9,1.0,2]],0],[[[0.8833333333333333,1.0,0.8666666666666667,1.0,0.9,1.0,2]],0]],"location":[[[[0.8833333333333333,0.6551587581634521,0.8666666666666667,0.6551587581634521,0.9,0.6551587581634521,2]],0],[[[0.8833333333333333,-5.106829643249512,0.8666666666666667,-5.106829643249512,0.9,-5.106829643249512,2]],0],[[[0.8833333333333333,0.40169209241867065,0.8666666666666667,0.40169209241867065,0.9,0.40169209241867065,2]],0]],"rotation_euler":[[[[0.8833333333333333,1.5987498760223389,0.8666666666666667,1.5987498760223389,0.9,1.5987498760223389,2]],0],[[[0.8833333333333333,0.013984373770654202,0.8666666666666667,0.013984373770654202,0.9,0.013984373770654202,2]],0],[[[0.8833333333333333,1.042007327079773,0.8666666666666667,1.042007327079773,0.9,1.042007327079773,2]],0]]}],"CameraTarget":[{"scale":[[[[22.583333333333332,1.0,20.377508544921874,1.0,24.78915812174479,1.0,1],[28.233333333333334,1.0,26.027508544921876,1.0,30.44566446940104,1.0,1],[33.9,1.0,31.68766886393229,1.0,38.98185628255208,1.0,1],[46.916666666666664,1.0,46.884130859375,1.0,46.92317301432291,1.0,1],[46.93333333333333,1.0,46.92682698567708,1.0,46.965869140625,1.0,1],[56.5,1.0,56.467464192708334,1.0,56.50650634765625,1.0,1],[56.516666666666666,1.0,56.51016031901042,1.0,56.54920247395833,1.0,1],[62.083333333333336,1.0,59.91004231770833,1.0,66.56005045572917,1.0,1],[73.55,1.0,73.51746419270833,1.0,73.55651041666667,1.0,1],[73.56666666666666,1.0,73.56015625,1.0,73.59920247395833,1.0,1],[84.28333333333333,1.0,80.09942220052083,1.0,86.84052734375,1.0,1],[90.83333333333333,1.0,88.27613932291666,1.0,92.85696614583333,1.0,2],[96.01666666666667,1.0,95.984130859375,1.0,96.02317708333334,1.0,1],[96.03333333333333,1.0,96.02682291666666,1.0,96.065869140625,1.0,1],[107.66666666666667,1.0,103.1248779296875,1.0,111.86359049479167,1.0,1],[118.41666666666667,1.0,114.21974283854166,1.0,119.70502115885417,1.0,1],[121.71666666666667,1.0,120.42831217447916,1.0,123.00502115885416,1.0,1]],0],[[[22.583333333333332,1.0,20.377508544921874,1.0,24.78915812174479,1.0,1],[28.233333333333334,1.0,26.027508544921876,1.0,30.44566446940104,1.0,1],[33.9,1.0,31.68766886393229,1.0,38.98185628255208,1.0,1],[46.916666666666664,1.0,46.884130859375,1.0,46.92317301432291,1.0,1],[46.93333333333333,1.0,46.92682698567708,1.0,46.965869140625,1.0,1],[56.5,1.0,56.467464192708334,1.0,56.50650634765625,1.0,1],[56.516666666666666,1.0,56.51016031901042,1.0,56.54920247395833,1.0,1],[62.083333333333336,1.0,59.91004231770833,1.0,66.56005045572917,1.0,1],[73.55,1.0,73.51746419270833,1.0,73.55651041666667,1.0,1],[73.56666666666666,1.0,73.56015625,1.0,73.59920247395833,1.0,1],[84.28333333333333,1.0,80.09942220052083,1.0,86.84052734375,1.0,1],[90.83333333333333,1.0,88.27613932291666,1.0,92.85696614583333,1.0,2],[96.01666666666667,1.0,95.984130859375,1.0,96.02317708333334,1.0,1],[96.03333333333333,1.0,96.02682291666666,1.0,96.065869140625,1.0,1],[107.66666666666667,1.0,103.1248779296875,1.0,111.86359049479167,1.0,1],[118.41666666666667,1.0,114.21974283854166,1.0,119.70502115885417,1.0,1],[121.71666666666667,1.0,120.42831217447916,1.0,123.00502115885416,1.0,1]],0],[[[22.583333333333332,1.0,20.377508544921874,1.0,24.78915812174479,1.0,1],[28.233333333333334,1.0,26.027508544921876,1.0,30.44566446940104,1.0,1],[33.9,1.0,31.68766886393229,1.0,38.98185628255208,1.0,1],[46.916666666666664,1.0,46.884130859375,1.0,46.92317301432291,1.0,1],[46.93333333333333,1.0,46.92682698567708,1.0,46.965869140625,1.0,1],[56.5,1.0,56.467464192708334,1.0,56.50650634765625,1.0,1],[56.516666666666666,1.0,56.51016031901042,1.0,56.54920247395833,1.0,1],[62.083333333333336,1.0,59.91004231770833,1.0,66.56005045572917,1.0,1],[73.55,1.0,73.51746419270833,1.0,73.55651041666667,1.0,1],[73.56666666666666,1.0,73.56015625,1.0,73.59920247395833,1.0,1],[84.28333333333333,1.0,80.09942220052083,1.0,86.84052734375,1.0,1],[90.83333333333333,1.0,88.27613932291666,1.0,92.85696614583333,1.0,2],[96.01666666666667,1.0,95.984130859375,1.0,96.02317708333334,1.0,1],[96.03333333333333,1.0,96.02682291666666,1.0,96.065869140625,1.0,1],[107.66666666666667,1.0,103.1248779296875,1.0,111.86359049479167,1.0,1],[118.41666666666667,1.0,114.21974283854166,1.0,119.70502115885417,1.0,1],[121.71666666666667,1.0,120.42831217447916,1.0,123.00502115885416,1.0,1]],0]],