{"CameraTarget":[{"scale":[[[[5.183333333333334,1.0,5.166666666666667,1.0,5.2,1.0,2]],0],[[[5.183333333333334,1.0,5.166666666666667,1.0,5.2,1.0,2]],0],[[[5.183333333333334,1.0,5.166666666666667,1.0,5.2,1.0,2]],0]],"location":[[[[5.183333333333334,0.0,5.166666666666667,0.0,5.2,0.0,2]],0],[[[5.183333333333334,0.0,5.166666666666667,0.0,5.2,0.0,2]],0],[[[5.183333333333334,0.0,5.166666666666667,0.0,5.2,0.0,2]],0]],"rotation_euler":[[[[5.183333333333334,0.0,5.166666666666667,0.0,5.2,0.0,2]],0],[[[5.183333333333334,0.0,5.166666666666667,0.0,5.2,0.0,2]],0],[[[5.183333333333334,0.0,5.166666666666667,0.0,5.2,0.0,2]],0]]}],"Camera":[{"scale":[[[[5.183333333333334,0.9999999403953552,5.166666666666667,0.9999999403953552,5.2,0.9999999403953552,2]],0],[[[5.183333333333334,1.0,5.166666666666667,1.0,5.2,1.0,2]],0],[[[5.183333333333334,1.0,5.166666666666667,1.0,5.2,1.0,2]],0]],"location":[[[[5.183333333333334,5.368068695068359,5.166666666666667,5.368068695068359,5.2,5.368068695068359,2]],0],[[[5.183333333333334,-16.036060333251953,5.166666666666667,-16.036060333251953,5.2,-16.036060333251953,2]],0],[[[5.183333333333334,4.428653717041016,5.166666666666667,4.428653717041016,5.2,4.428653717041016,2]],0]],"rotation_euler":[[[[5.183333333333334,1.5987498760223389,5.166666666666667,1.5987498760223389,5.2,1.5987498760223389,2]],0],[[[5.183333333333334,0.013984373770654202,5.166666666666667,0.013984373770654202,5.2,0.013984373770654202,2]],0],[[[5.183333333333334,1.042007327079773,5.166666666666667,1.042007327079773,5.2,1.042007327079773,2]],0]]}]}